"scales","ave_mse"
31684.7312662283,252.067010675617
63369.4625324567,8.02820816061864
126738.925064913,6.47417830182093
190108.38759737,6.67963038043973
253477.850129827,6.65638071571254
380216.77519474,6.8056035578813
